{
  "plants": {
    "산세베리아": {
      "environment_responses": [
        {
          "conditions": {
            "temperature": {"low": -10, "high": 0},
            "humidity": {"low": 20, "high": 80},
            "illumination": {"low": 0, "high": 200},
            "moisture": {"low": 0, "high": 30}
          },
          "response": {
            "0": "실내에 머무르세요",
            "1": "추우니까 여기 있어요!"
          }
        },
        {
          "conditions": {
            "temperature": {"low": 1, "high": 10},
            "humidity": {"low": 20, "high": 80},
            "illumination": {"low": 0, "high": 500},
            "moisture": {"low": 0, "high": 40}
          },
          "response": {
            "0": "실내에 머무르세요",
            "1": "자켓을 입으셔야 할 것 같아요!",
	    "2": "현재 온도는 ${temperature}도로 너무 쌀쌀한 것 같아요.",
	    "3": "밖이 너무 춥네요."
          }
        }
      ]
    },
    "스투키": {
      "environment_responses": [
        {
          "conditions": {
            "temperature": {"low": 20, "high": 30},
            "humidity": {"low": 50, "high": 90},
            "illumination": {"low": 300, "high": 800},
            "moisture": {"low": 20, "high": 60}
          },
          "response": {
            "0": "실내에 머무르세요",
            "1": "추우니까 여기 있어요!"
          }
        }
      ]
    }
  }
}
